0.01, 0.0047381 
0.02, 0.0020458 
0.03, 0.0015393 
0.04, 0.0014368 
0.05, 0.0014956 
0.06, 0.0016559 
0.07, 0.0019012 
0.08, 0.0022297 
0.09, 0.0026452 
0.1, 0.0031534 
0.11, 0.0037596 
0.12, 0.0044670 
0.13, 0.0052756 
0.14, 0.0061800 
0.15, 0.0071691 
0.16, 0.0082248 
0.17, 0.0093218 
0.18, 0.0104280 
0.19, 0.0115054 
0.2, 0.0125121 
0.21, 0.0134046 
0.22, 0.0141407 
0.23, 0.0146829 
0.24, 0.0150013 
0.25, 0.0150766 
0.26, 0.0149015 
0.27, 0.0144822 
0.28, 0.0138378 
0.29, 0.0129990 
0.3, 0.0120058 
0.31, 0.0109046 
0.32, 0.0097443 
0.33, 0.0085732 
0.34, 0.0074357 
0.35, 0.0063699 
0.36, 0.0054053 
0.37, 0.0045625 
0.38, 0.0038526 
0.39, 0.0032780 
0.4, 0.0028335 
0.41, 0.0025077 
0.42, 0.0022845 
0.43, 0.0021449 
0.44, 0.0020689 
0.45, 0.0020363 
0.46, 0.0020282 
0.47, 0.0020280 
0.48, 0.0020221 
0.49, 0.0020003 
0.5, 0.0019556 
0.51, 0.0018849 
0.52, 0.0017879 
0.53, 0.0016670 
0.54, 0.0015266 
0.55, 0.0013726 
0.56, 0.0012110 
0.57, 0.0010484 
0.58, 0.0008904 
0.59, 0.0007418 
0.6, 0.0006062 
0.61, 0.0004858 
0.62, 0.0003819 
0.63, 0.0002944 
0.64, 0.0002226 
0.65, 0.0001650 
0.66, 0.0001200 
0.67, 0.0000856 
0.68, 0.0000598 
0.69, 0.0000410 
0.7, 0.0000276 
0.71, 0.0000182 
0.72, 0.0000118 
0.73, 0.0000075 
0.74, 0.0000048 
0.75, 0.0000031 
0.76, 0.0000022 
0.77, 0.0000019 
0.78, 0.0000023 
0.79, 0.0000036 
0.8, 0.0000061 
0.81, 0.0000107 
0.82, 0.0000187 
0.83, 0.0000320 
0.84, 0.0000539 
0.85, 0.0000890 
0.86, 0.0001441 
0.87, 0.0002288 
0.88, 0.0003562 
0.89, 0.0005436 
0.9, 0.0008134 
0.91, 0.0011932 
0.92, 0.0017163 
0.93, 0.0024202 
0.94, 0.0033461 
0.95, 0.0045357 
0.96, 0.0060278 
0.97, 0.0078538 
0.98, 0.0100327 
0.99, 0.0125648 
1, 0.0154279 
1.01, 0.0185721 
1.02, 0.0219192 
1.03, 0.0253627 
1.04, 0.0287722 
1.05, 0.0320010 
1.06, 0.0348952 
1.07, 0.0373068 
1.08, 0.0391051 
1.09, 0.0401896 
1.1, 0.0404984 
1.11, 0.0400151 
1.12, 0.0387696 
1.13, 0.0368356 
1.14, 0.0343233 
1.15, 0.0313692 
1.16, 0.0281237 
1.17, 0.0247387 
1.18, 0.0213563 
1.19, 0.0180990 
1.2, 0.0150642 
1.21, 0.0123205 
1.22, 0.0099085 
1.23, 0.0078426 
1.24, 0.0061161 
1.25, 0.0047061 
1.26, 0.0035790 
1.27, 0.0026958 
1.28, 0.0020162 
1.29, 0.0015017 
1.3, 0.0011178 
1.31, 0.0008348 
1.32, 0.0006288 
1.33, 0.0004806 
1.34, 0.0003756 
1.35, 0.0003030 
1.36, 0.0002548 
1.37, 0.0002252 
1.38, 0.0002102 
1.39, 0.0002064 
1.4, 0.0002115 
1.41, 0.0002234 
1.42, 0.0002404 
1.43, 0.0002612 
1.44, 0.0002846 
1.45, 0.0003098 
1.46, 0.0003365 
1.47, 0.0003647 
1.48, 0.0003952 
1.49, 0.0004292 
1.5, 0.0004688 
1.51, 0.0005169 
1.52, 0.0005770 
1.53, 0.0006536 
1.54, 0.0007522 
1.55, 0.0008790 
1.56, 0.0010415 
1.57, 0.0012477 
1.58, 0.0015062 
1.59, 0.0018260 
1.6, 0.0022152 
1.61, 0.0026808 
1.62, 0.0032272 
1.63, 0.0038550 
1.64, 0.0045601 
1.65, 0.0053323 
1.66, 0.0061551 
1.67, 0.0070053 
1.68, 0.0078539 
1.69, 0.0086678 
1.7, 0.0094114 
1.71, 0.0100497 
1.72, 0.0105511 
1.73, 0.0108906 
1.74, 0.0110518 
1.75, 0.0110289 
1.76, 0.0108273 
1.77, 0.0104630 
1.78, 0.0099614 
1.79, 0.0093544 
1.8, 0.0086782 
1.81, 0.0079693 
1.82, 0.0072623 
1.83, 0.0065870 
1.84, 0.0059666 
1.85, 0.0054169 
1.86, 0.0049459 
1.87, 0.0045550 
1.88, 0.0042395 
1.89, 0.0039909 
1.9, 0.0037981 
1.91, 0.0036493 
1.92, 0.0035336 
1.93, 0.0034416 
1.94, 0.0033666 
1.95, 0.0033041 
1.96, 0.0032520 
1.97, 0.0032099 
1.98, 0.0031781 
1.99, 0.0031572 
2, 0.0031468 
2.01, 0.0031456 
2.02, 0.0031503 
2.03, 0.0031566 
2.04, 0.0031585 
2.05, 0.0031496 
2.06, 0.0031235 
2.07, 0.0030743 
2.08, 0.0029980 
2.09, 0.0028922 
2.1, 0.0027568 
2.11, 0.0025943 
2.12, 0.0024091 
2.13, 0.0022074 
2.14, 0.0019964 
2.15, 0.0017839 
2.16, 0.0015775 
2.17, 0.0013839 
2.18, 0.0012087 
2.19, 0.0010558 
2.2, 0.0009275 
2.21, 0.0008243 
2.22, 0.0007452 
2.23, 0.0006880 
2.24, 0.0006495 
2.25, 0.0006259 
2.26, 0.0006133 
2.27, 0.0006078 
2.28, 0.0006060 
2.29, 0.0006051 
2.3, 0.0006031 
2.31, 0.0005988 
2.32, 0.0005918 
2.33, 0.0005825 
2.34, 0.0005718 
2.35, 0.0005615 
2.36, 0.0005533 
2.37, 0.0005493 
2.38, 0.0005517 
2.39, 0.0005624 
2.4, 0.0005828 
2.41, 0.0006141 
2.42, 0.0006567 
2.43, 0.0007105 
2.44, 0.0007743 
2.45, 0.0008464 
2.46, 0.0009241 
2.47, 0.0010044 
2.48, 0.0010834 
2.49, 0.0011572 
2.5, 0.0012218 
2.51, 0.0012735 
2.52, 0.0013090 
2.53, 0.0013260 
2.54, 0.0013231 
2.55, 0.0012999 
2.56, 0.0012575 
2.57, 0.0011976 
2.58, 0.0011231 
2.59, 0.0010375 
2.6, 0.0009446 
2.61, 0.0008484 
2.62, 0.0007526 
2.63, 0.0006607 
2.64, 0.0005754 
2.65, 0.0004985 
2.66, 0.0004316 
2.67, 0.0003750 
2.68, 0.0003288 
2.69, 0.0002923 
2.7, 0.0002648 
2.71, 0.0002450 
2.72, 0.0002319 
2.73, 0.0002242 
2.74, 0.0002212 
2.75, 0.0002220 
2.76, 0.0002262 
2.77, 0.0002337 
2.78, 0.0002446 
2.79, 0.0002593 
2.8, 0.0002783 
2.81, 0.0003025 
2.82, 0.0003329 
2.83, 0.0003708 
2.84, 0.0004175 
2.85, 0.0004744 
2.86, 0.0005432 
2.87, 0.0006254 
2.88, 0.0007226 
2.89, 0.0008359 
2.9, 0.0009664 
2.91, 0.0011147 
2.92, 0.0012806 
2.93, 0.0014633 
2.94, 0.0016613 
2.95, 0.0018722 
2.96, 0.0020929 
2.97, 0.0023200 
2.98, 0.0025498 
2.99, 0.0027787 
3, 0.0030033 
3.01, 0.0032208 
3.02, 0.0034293 
3.03, 0.0036273 
3.04, 0.0038138 
3.05, 0.0039882 
3.06, 0.0041494 
3.07, 0.0042962 
3.08, 0.0044262 
3.09, 0.0045362 
3.1, 0.0046223 
3.11, 0.0046798 
3.12, 0.0047038 
3.13, 0.0046901 
3.14, 0.0046355 
3.15, 0.0045384 
3.16, 0.0043998 
3.17, 0.0042227 
3.18, 0.0040126 
3.19, 0.0037771 
3.2, 0.0035253 
3.21, 0.0032672 
3.22, 0.0030127 
3.23, 0.0027710 
3.24, 0.0025501 
3.25, 0.0023560 
3.26, 0.0021926 
3.27, 0.0020615 
3.28, 0.0019622 
3.29, 0.0018924 
3.3, 0.0018483 
3.31, 0.0018249 
3.32, 0.0018169 
3.33, 0.0018190 
3.34, 0.0018260 
3.35, 0.0018336 
3.36, 0.0018385 
3.37, 0.0018387 
3.38, 0.0018332 
3.39, 0.0018227 
3.4, 0.0018091 
3.41, 0.0017953 
3.42, 0.0017856 
3.43, 0.0017850 
3.44, 0.0017991 
3.45, 0.0018335 
3.46, 0.0018939 
3.47, 0.0019852 
3.48, 0.0021111 
3.49, 0.0022739 
3.5, 0.0024737 
3.51, 0.0027085 
3.52, 0.0029736 
3.53, 0.0032620 
3.54, 0.0035647 
3.55, 0.0038709 
3.56, 0.0041692 
3.57, 0.0044480 
3.58, 0.0046969 
3.59, 0.0049073 
3.6, 0.0050731 
3.61, 0.0051912 
3.62, 0.0052620 
3.63, 0.0052884 
3.64, 0.0052761 
3.65, 0.0052319 
3.66, 0.0051635 
3.67, 0.0050781 
3.68, 0.0049818 
3.69, 0.0048786 
3.7, 0.0047706 
3.71, 0.0046580 
3.72, 0.0045392 
3.73, 0.0044115 
3.74, 0.0042721 
3.75, 0.0041186 
3.76, 0.0039496 
3.77, 0.0037650 
3.78, 0.0035667 
3.79, 0.0033578 
3.8, 0.0031427 
3.81, 0.0029266 
3.82, 0.0027148 
3.83, 0.0025124 
3.84, 0.0023238 
3.85, 0.0021522 
3.86, 0.0019996 
3.87, 0.0018668 
3.88, 0.0017536 
3.89, 0.0016586 
3.9, 0.0015800 
3.91, 0.0015156 
3.92, 0.0014631 
3.93, 0.0014204 
3.94, 0.0013857 
3.95, 0.0013577 
3.96, 0.0013354 
3.97, 0.0013182 
3.98, 0.0013059 
3.99, 0.0012984 
4, 0.0012958 
4.01, 0.0012981 
4.02, 0.0013050 
4.03, 0.0013161 
4.04, 0.0013310 
4.05, 0.0013486 
4.06, 0.0013681 
4.07, 0.0013884 
4.08, 0.0014083 
4.09, 0.0014270 
4.1, 0.0014435 
4.11, 0.0014573 
4.12, 0.0014679 
4.13, 0.0014752 
4.14, 0.0014792 
4.15, 0.0014803 
4.16, 0.0014790 
4.17, 0.0014760 
4.18, 0.0014725 
4.19, 0.0014698 
4.2, 0.0014694 
4.21, 0.0014731 
4.22, 0.0014831 
4.23, 0.0015012 
4.24, 0.0015295 
4.25, 0.0015697 
4.26, 0.0016229 
4.27, 0.0016897 
4.28, 0.0017699 
4.29, 0.0018626 
4.3, 0.0019661 
4.31, 0.0020782 
4.32, 0.0021963 
4.33, 0.0023178 
4.34, 0.0024404 
4.35, 0.0025623 
4.36, 0.0026825 
4.37, 0.0028008 
4.38, 0.0029183 
4.39, 0.0030366 
4.4, 0.0031583 
4.41, 0.0032863 
4.42, 0.0034240 
4.43, 0.0035746 
4.44, 0.0037417 
4.45, 0.0039285 
4.46, 0.0041388 
4.47, 0.0043769 
4.48, 0.0046482 
4.49, 0.0049601 
4.5, 0.0053222 
4.51, 0.0057475 
4.52, 0.0062525 
4.53, 0.0068577 
4.54, 0.0075878 
4.55, 0.0084709 
4.56, 0.0095381 
4.57, 0.0108219 
4.58, 0.0123541 
4.59, 0.0141643 
4.6, 0.0162767 
4.61, 0.0187077 
4.62, 0.0214637 
4.63, 0.0245394 
4.64, 0.0279161 
4.65, 0.0315624 
4.66, 0.0354347 
4.67, 0.0394798 
4.68, 0.0436375 
4.69, 0.0478440 
4.7, 0.0520361 
4.71, 0.0561534 
4.72, 0.0601412 
4.73, 0.0639512 
4.74, 0.0675414 
4.75, 0.0708750 
4.76, 0.0739187 
4.77, 0.0766403 
4.78, 0.0790081 
4.79, 0.0809904 
4.8, 0.0825564 
4.81, 0.0836792 
4.82, 0.0843399 
4.83, 0.0845315 
4.84, 0.0842642 
4.85, 0.0835683 
4.86, 0.0824967 
4.87, 0.0811241 
4.88, 0.0795448 
4.89, 0.0778672 
4.9, 0.0762074 
4.91, 0.0746813 
4.92, 0.0733967 
4.93, 0.0724469 
4.94, 0.0719053 
4.95, 0.0718226 
4.96, 0.0722262 
4.97, 0.0731217 
4.98, 0.0744961 
4.99, 0.0763215 
5, 0.0785587 
5.01, 0.0811606 
5.02, 0.0840739 
5.03, 0.0872399 
5.04, 0.0905942 
5.05, 0.0940653 
5.06, 0.0975744 
5.07, 0.1010351 
5.08, 0.1043543 
5.09, 0.1074353 
5.1, 0.1101825 
5.11, 0.1125064 
5.12, 0.1143305 
5.13, 0.1155970 
5.14, 0.1162726 
5.15, 0.1163514 
5.16, 0.1158571 
5.17, 0.1148416 
5.18, 0.1133820 
5.19, 0.1115757 
5.2, 0.1095338 
5.21, 0.1073737 
5.22, 0.1052123 
5.23, 0.1031583 
5.24, 0.1013066 
5.25, 0.0997332 
5.26, 0.0984917 
5.27, 0.0976107 
5.28, 0.0970938 
5.29, 0.0969197 
5.3, 0.0970447 
5.31, 0.0974060 
5.32, 0.0979263 
5.33, 0.0985194 
5.34, 0.0990961 
5.35, 0.0995704 
5.36, 0.0998654 
5.37, 0.0999182 
5.38, 0.0996835 
5.39, 0.0991359 
5.4, 0.0982706 
5.41, 0.0971019 
5.42, 0.0956610 
5.43, 0.0939924 
5.44, 0.0921501 
5.45, 0.0901928 
5.46, 0.0881808 
5.47, 0.0861716 
5.48, 0.0842182 
5.49, 0.0823664 
5.5, 0.0806539 
5.51, 0.0791099 
5.52, 0.0777548 
5.53, 0.0766009 
5.54, 0.0756529 
5.55, 0.0749092 
5.56, 0.0743627 
5.57, 0.0740023 
5.58, 0.0738143 
5.59, 0.0737835 
5.6, 0.0738949 
5.61, 0.0741341 
5.62, 0.0744885 
5.63, 0.0749473 
5.64, 0.0755018 
5.65, 0.0761453 
5.66, 0.0768721 
5.67, 0.0776779 
5.68, 0.0785588 
5.69, 0.0795115 
5.7, 0.0805332 
5.71, 0.0816220 
5.72, 0.0827771 
5.73, 0.0839991 
5.74, 0.0852898 
5.75, 0.0866523 
5.76, 0.0880894 
5.77, 0.0896029 
5.78, 0.0911916 
5.79, 0.0928493 
5.8, 0.0945634 
5.81, 0.0963135 
5.82, 0.0980707 
5.83, 0.0997985 
5.84, 0.1014538 
5.85, 0.1029896 
5.86, 0.1043579 
5.87, 0.1055136 
5.88, 0.1064179 
5.89, 0.1070410 
5.9, 0.1073647 
5.91, 0.1073835 
5.92, 0.1071044 
5.93, 0.1065462 
5.94, 0.1057377 
5.95, 0.1047150 
5.96, 0.1035189 
5.97, 0.1021924 
5.98, 0.1007780 
5.99, 0.0993155 
6, 0.0978403 
6.01, 0.0963819 
6.02, 0.0949634 
6.03, 0.0936006 
6.04, 0.0923025 
6.05, 0.0910714 
6.06, 0.0899041 
6.07, 0.0887935 
6.08, 0.0877292 
6.09, 0.0867004 
6.1, 0.0856961 
6.11, 0.0847074 
6.12, 0.0837273 
6.13, 0.0827517 
6.14, 0.0817786 
6.15, 0.0808080 
6.16, 0.0798407 
6.17, 0.0788772 
6.18, 0.0779177 
6.19, 0.0769608 
6.2, 0.0760035 
6.21, 0.0750417 
6.22, 0.0740703 
6.23, 0.0730838 
6.24, 0.0720771 
6.25, 0.0710458 
6.26, 0.0699867 
6.27, 0.0688978 
6.28, 0.0677787 
6.29, 0.0666298 
6.3, 0.0654524 
6.31, 0.0642488 
6.32, 0.0630212 
6.33, 0.0617725 
6.34, 0.0605059 
6.35, 0.0592252 
6.36, 0.0579347 
6.37, 0.0566393 
6.38, 0.0553452 
6.39, 0.0540590 
6.4, 0.0527885 
6.41, 0.0515423 
6.42, 0.0503299 
6.43, 0.0491613 
6.44, 0.0480475 
6.45, 0.0469997 
6.46, 0.0460295 
6.47, 0.0451481 
6.48, 0.0443662 
6.49, 0.0436930 
6.5, 0.0431355 
6.51, 0.0426980 
6.52, 0.0423813 
6.53, 0.0421821 
6.54, 0.0420932 
6.55, 0.0421035 
6.56, 0.0421988 
6.57, 0.0423625 
6.58, 0.0425769 
6.59, 0.0428245 
6.6, 0.0430895 
6.61, 0.0433586 
6.62, 0.0436224 
6.63, 0.0438755 
6.64, 0.0441173 
6.65, 0.0443512 
6.66, 0.0445842 
6.67, 0.0448265 
6.68, 0.0450898 
6.69, 0.0453866 
6.7, 0.0457294 
6.71, 0.0461291 
6.72, 0.0465950 
6.73, 0.0471342 
6.74, 0.0477508 
6.75, 0.0484465 
6.76, 0.0492199 
6.77, 0.0500669 
6.78, 0.0509803 
6.79, 0.0519499 
6.8, 0.0529620 
6.81, 0.0539995 
6.82, 0.0550416 
6.83, 0.0560642 
6.84, 0.0570406 
6.85, 0.0579422 
6.86, 0.0587401 
6.87, 0.0594069 
6.88, 0.0599183 
6.89, 0.0602550 
6.9, 0.0604044 
6.91, 0.0603613 
6.92, 0.0601283 
6.93, 0.0597159 
6.94, 0.0591412 
6.95, 0.0584265 
6.96, 0.0575980 
6.97, 0.0566836 
6.98, 0.0557113 
6.99, 0.0547078 
7, 0.0536976 
7.01, 0.0527021 
7.02, 0.0517394 
7.03, 0.0508242 
7.04, 0.0499683 
7.05, 0.0491804 
7.06, 0.0484670 
7.07, 0.0478326 
7.08, 0.0472801 
7.09, 0.0468112 
7.1, 0.0464268 
7.11, 0.0461272 
7.12, 0.0459126 
7.13, 0.0457834 
7.14, 0.0457403 
7.15, 0.0457846 
7.16, 0.0459182 
7.17, 0.0461434 
7.18, 0.0464625 
7.19, 0.0468778 
7.2, 0.0473907 
7.21, 0.0480013 
7.22, 0.0487078 
7.23, 0.0495065 
7.24, 0.0503911 
7.25, 0.0513530 
7.26, 0.0523819 
7.27, 0.0534660 
7.28, 0.0545931 
7.29, 0.0557512 
7.3, 0.0569292 
7.31, 0.0581181 
7.32, 0.0593105 
7.33, 0.0605018 
7.34, 0.0616890 
7.35, 0.0628712 
7.36, 0.0640485 
7.37, 0.0652219 
7.38, 0.0663923 
7.39, 0.0675606 
7.4, 0.0687274 
7.41, 0.0698926 
7.42, 0.0710561 
7.43, 0.0722177 
7.44, 0.0733768 
7.45, 0.0745335 
7.46, 0.0756874 
7.47, 0.0768383 
7.48, 0.0779849 
7.49, 0.0791254 
7.5, 0.0802561 
7.51, 0.0813714 
7.52, 0.0824633 
7.53, 0.0835218 
7.54, 0.0845342 
7.55, 0.0854865 
7.56, 0.0863632 
7.57, 0.0871487 
7.58, 0.0878281 
7.59, 0.0883881 
7.6, 0.0888186 
7.61, 0.0891129 
7.62, 0.0892690 
7.63, 0.0892898 
7.64, 0.0891833 
7.65, 0.0889625 
7.66, 0.0886441 
7.67, 0.0882486 
7.68, 0.0877979 
7.69, 0.0873149 
7.7, 0.0868213 
7.71, 0.0863368 
7.72, 0.0858778 
7.73, 0.0854568 
7.74, 0.0850821 
7.75, 0.0847577 
7.76, 0.0844839 
7.77, 0.0842580 
7.78, 0.0840753 
7.79, 0.0839295 
7.8, 0.0838145 
7.81, 0.0837243 
7.82, 0.0836538 
7.83, 0.0835993 
7.84, 0.0835584 
7.85, 0.0835298 
7.86, 0.0835132 
7.87, 0.0835090 
7.88, 0.0835182 
7.89, 0.0835421 
7.9, 0.0835820 
7.91, 0.0836401 
7.92, 0.0837189 
7.93, 0.0838217 
7.94, 0.0839530 
7.95, 0.0841181 
7.96, 0.0843234 
7.97, 0.0845761 
7.98, 0.0848832 
7.99, 0.0852512 
8, 0.0856850 
8.01, 0.0861870 
8.02, 0.0867563 
8.03, 0.0873880 
8.04, 0.0880730 
8.05, 0.0887981 
8.06, 0.0895467 
8.07, 0.0902995 
8.08, 0.0910364 
8.09, 0.0917379 
8.1, 0.0923868 
8.11, 0.0929704 
8.12, 0.0934809 
8.13, 0.0939173 
8.14, 0.0942847 
8.15, 0.0945944 
8.16, 0.0948628 
8.17, 0.0951095 
8.18, 0.0953560 
8.19, 0.0956233 
8.2, 0.0959302 
8.21, 0.0962920 
8.22, 0.0967197 
8.23, 0.0972189 
8.24, 0.0977908 
8.25, 0.0984318 
8.26, 0.0991352 
8.27, 0.0998914 
8.28, 0.1006894 
8.29, 0.1015178 
8.3, 0.1023654 
8.31, 0.1032219 
8.32, 0.1040788 
8.33, 0.1049295 
8.34, 0.1057699 
8.35, 0.1065985 
8.36, 0.1074163 
8.37, 0.1082272 
8.38, 0.1090373 
8.39, 0.1098540 
8.4, 0.1106859 
8.41, 0.1115412 
8.42, 0.1124266 
8.43, 0.1133466 
8.44, 0.1143018 
8.45, 0.1152890 
8.46, 0.1163005 
8.47, 0.1173248 
8.48, 0.1183468 
8.49, 0.1193491 
8.5, 0.1203133 
8.51, 0.1212215 
8.52, 0.1220572 
8.53, 0.1228065 
8.54, 0.1234590 
8.55, 0.1240078 
8.56, 0.1244499 
8.57, 0.1247857 
8.58, 0.1250190 
8.59, 0.1251561 
8.6, 0.1252055 
8.61, 0.1251776 
8.62, 0.1250844 
8.63, 0.1249388 
8.64, 0.1247548 
8.65, 0.1245467 
8.66, 0.1243292 
8.67, 0.1241165 
8.68, 0.1239218 
8.69, 0.1237567 
8.7, 0.1236302 
8.71, 0.1235485 
8.72, 0.1235138 
8.73, 0.1235243 
8.74, 0.1235741 
8.75, 0.1236527 
8.76, 0.1237462 
8.77, 0.1238378 
8.78, 0.1239087 
8.79, 0.1239393 
8.8, 0.1239109 
8.81, 0.1238069 
8.82, 0.1236143 
8.83, 0.1233244 
8.84, 0.1229343 
8.85, 0.1224468 
8.86, 0.1218709 
8.87, 0.1212209 
8.88, 0.1205160 
8.89, 0.1197788 
8.9, 0.1190337 
8.91, 0.1183054 
8.92, 0.1176170 
8.93, 0.1169889 
8.94, 0.1164369 
8.95, 0.1159720 
8.96, 0.1155996 
8.97, 0.1153197 
8.98, 0.1151278 
8.99, 0.1150151 
9, 0.1149701 
9.01, 0.1149796 
9.02, 0.1150300 
9.03, 0.1151084 
9.04, 0.1152034 
9.05, 0.1153057 
9.06, 0.1154082 
9.07, 0.1155067 
9.08, 0.1155989 
9.09, 0.1156847 
9.1, 0.1157652 
9.11, 0.1158428 
9.12, 0.1159203 
9.13, 0.1160010 
9.14, 0.1160882 
9.15, 0.1161855 
9.16, 0.1162967 
9.17, 0.1164259 
9.18, 0.1165770 
9.19, 0.1167545 
9.2, 0.1169619 
9.21, 0.1172024 
9.22, 0.1174775 
9.23, 0.1177868 
9.24, 0.1181276 
9.25, 0.1184948 
9.26, 0.1188811 
9.27, 0.1192778 
9.28, 0.1196756 
9.29, 0.1200660 
9.3, 0.1204426 
9.31, 0.1208018 
9.32, 0.1211441 
9.33, 0.1214737 
9.34, 0.1217987 
9.35, 0.1221299 
9.36, 0.1224794 
9.37, 0.1228596 
9.38, 0.1232814 
9.39, 0.1237529 
9.4, 0.1242789 
9.41, 0.1248601 
9.42, 0.1254936 
9.43, 0.1261734 
9.44, 0.1268912 
9.45, 0.1276376 
9.46, 0.1284029 
9.47, 0.1291779 
9.48, 0.1299549 
9.49, 0.1307275 
9.5, 0.1314914 
9.51, 0.1322438 
9.52, 0.1329835 
9.53, 0.1337111 
9.54, 0.1344285 
9.55, 0.1351393 
9.56, 0.1358485 
9.57, 0.1365624 
9.58, 0.1372886 
9.59, 0.1380355 
9.6, 0.1388115 
9.61, 0.1396247 
9.62, 0.1404814 
9.63, 0.1413856 
9.64, 0.1423383 
9.65, 0.1433369 
9.66, 0.1443752 
9.67, 0.1454433 
9.68, 0.1465288 
9.69, 0.1476169 
9.7, 0.1486920 
9.71, 0.1497386 
9.72, 0.1507421 
9.73, 0.1516897 
9.74, 0.1525706 
9.75, 0.1533764 
9.76, 0.1541008 
9.77, 0.1547393 
9.78, 0.1552885 
9.79, 0.1557457 
9.8, 0.1561089 
9.81, 0.1563762 
9.82, 0.1565461 
9.83, 0.1566181 
9.84, 0.1565931 
9.85, 0.1564743 
9.86, 0.1562679 
9.87, 0.1559834 
9.88, 0.1556342 
9.89, 0.1552367 
9.9, 0.1548101 
9.91, 0.1543751 
9.92, 0.1539521 
9.93, 0.1535601 
9.94, 0.1532148 
9.95, 0.1529277 
9.96, 0.1527052 
9.97, 0.1525481 
9.98, 0.1524526 
9.99, 0.1524103 
10, 0.1524099 
10.01, 0.1524383 
10.02, 0.1524817 
10.03, 0.1525266 
10.04, 0.1525610 
10.05, 0.1525740 
10.06, 0.1525568 
10.07, 0.1525017 
10.08, 0.1524026 
10.09, 0.1522545 
10.1, 0.1520535 
10.11, 0.1517969 
10.12, 0.1514836 
10.13, 0.1511142 
10.14, 0.1506920 
10.15, 0.1502227 
10.16, 0.1497148 
10.17, 0.1491797 
10.18, 0.1486311 
10.19, 0.1480840 
10.2, 0.1475542 
10.21, 0.1470572 
10.22, 0.1466068 
10.23, 0.1462144 
10.24, 0.1458880 
10.25, 0.1456322 
10.26, 0.1454477 
10.27, 0.1453316 
10.28, 0.1452780 
10.29, 0.1452787 
10.3, 0.1453238 
10.31, 0.1454030 
10.32, 0.1455059 
10.33, 0.1456229 
10.34, 0.1457457 
10.35, 0.1458673 
10.36, 0.1459824 
10.37, 0.1460872 
10.38, 0.1461795 
10.39, 0.1462581 
10.4, 0.1463226 
10.41, 0.1463737 
10.42, 0.1464121 
10.43, 0.1464390 
10.44, 0.1464550 
10.45, 0.1464608 
10.46, 0.1464561 
10.47, 0.1464396 
10.48, 0.1464090 
10.49, 0.1463610 
10.5, 0.1462912 
10.51, 0.1461951 
10.52, 0.1460682 
10.53, 0.1459071 
10.54, 0.1457108 
10.55, 0.1454809 
10.56, 0.1452231 
10.57, 0.1449470 
10.58, 0.1446665 
10.59, 0.1443991 
10.6, 0.1441651 
10.61, 0.1439858 
10.62, 0.1438823 
10.63, 0.1438737 
10.64, 0.1439749 
10.65, 0.1441961 
10.66, 0.1445409 
10.67, 0.1450067 
10.68, 0.1455840 
10.69, 0.1462573 
10.7, 0.1470064 
10.71, 0.1478072 
10.72, 0.1486338 
10.73, 0.1494599 
10.74, 0.1502605 
10.75, 0.1510135 
10.76, 0.1517005 
10.77, 0.1523082 
10.78, 0.1528282 
10.79, 0.1532578 
10.8, 0.1535993 
10.81, 0.1538596 
10.82, 0.1540495 
10.83, 0.1541827 
10.84, 0.1542751 
10.85, 0.1543434 
10.86, 0.1544048 
10.87, 0.1544754 
10.88, 0.1545700 
10.89, 0.1547009 
10.9, 0.1548781 
10.91, 0.1551081 
10.92, 0.1553946 
10.93, 0.1557378 
10.94, 0.1561354 
10.95, 0.1565823 
10.96, 0.1570719 
10.97, 0.1575959 
10.98, 0.1581459 
10.99, 0.1587129 
11, 0.1592887 
11.01, 0.1598662 
11.02, 0.1604392 
11.03, 0.1610036 
11.04, 0.1615570 
11.05, 0.1620993 
11.06, 0.1626325 
11.07, 0.1631612 
11.08, 0.1636917 
11.09, 0.1642322 
11.1, 0.1647920 
11.11, 0.1653803 
11.12, 0.1660057 
11.13, 0.1666750 
11.14, 0.1673918 
11.15, 0.1681562 
11.16, 0.1689641 
11.17, 0.1698071 
11.18, 0.1706730 
11.19, 0.1715466 
11.2, 0.1724111 
11.21, 0.1732493 
11.22, 0.1740453 
11.23, 0.1747862 
11.24, 0.1754629 
11.25, 0.1760714 
11.26, 0.1766125 
11.27, 0.1770926 
11.28, 0.1775222 
11.29, 0.1779154 
11.3, 0.1782885 
11.31, 0.1786588 
11.32, 0.1790433 
11.33, 0.1794575 
11.34, 0.1799150 
11.35, 0.1804261 
11.36, 0.1809985 
11.37, 0.1816367 
11.38, 0.1823420 
11.39, 0.1831129 
11.4, 0.1839454 
11.41, 0.1848327 
11.42, 0.1857655 
11.43, 0.1867323 
11.44, 0.1877194 
11.45, 0.1887112 
11.46, 0.1896908 
11.47, 0.1906406 
11.48, 0.1915435 
11.49, 0.1923836 
11.5, 0.1931475 
11.51, 0.1938254 
11.52, 0.1944116 
11.53, 0.1949056 
11.54, 0.1953116 
11.55, 0.1956385 
11.56, 0.1958992 
11.57, 0.1961095 
11.58, 0.1962870 
11.59, 0.1964498 
11.6, 0.1966151 
11.61, 0.1967983 
11.62, 0.1970123 
11.63, 0.1972667 
11.64, 0.1975678 
11.65, 0.1979186 
11.66, 0.1983189 
11.67, 0.1987656 
11.68, 0.1992534 
11.69, 0.1997750 
11.7, 0.2003212 
11.71, 0.2008822 
11.72, 0.2014471 
11.73, 0.2020047 
11.74, 0.2025442 
11.75, 0.2030552 
11.76, 0.2035289 
11.77, 0.2039580 
11.78, 0.2043376 
11.79, 0.2046657 
11.8, 0.2049430 
11.81, 0.2051731 
11.82, 0.2053625 
11.83, 0.2055195 
11.84, 0.2056542 
11.85, 0.2057772 
11.86, 0.2058989 
11.87, 0.2060288 
11.88, 0.2061750 
11.89, 0.2063433 
11.9, 0.2065377 
11.91, 0.2067600 
11.92, 0.2070102 
11.93, 0.2072869 
11.94, 0.2075874 
11.95, 0.2079085 
11.96, 0.2082462 
11.97, 0.2085963 
11.98, 0.2089542 
11.99, 0.2093150 
12, 0.2096735 
12.01, 0.2100239 
12.02, 0.2103603 
12.03, 0.2106767 
12.04, 0.2109672 
12.05, 0.2112263 
12.06, 0.2114493 
12.07, 0.2116329 
12.08, 0.2117751 
12.09, 0.2118757 
12.1, 0.2119360 
12.11, 0.2119591 
12.12, 0.2119492 
12.13, 0.2119114 
12.14, 0.2118505 
12.15, 0.2117711 
12.16, 0.2116763 
12.17, 0.2115672 
12.18, 0.2114430 
12.19, 0.2113005 
12.2, 0.2111347 
12.21, 0.2109397 
12.22, 0.2107094 
12.23, 0.2104393 
12.24, 0.2101274 
12.25, 0.2097754 
12.26, 0.2093900 
12.27, 0.2089829 
12.28, 0.2085704 
12.29, 0.2081731 
12.3, 0.2078142 
12.31, 0.2075178 
12.32, 0.2073070 
12.33, 0.2072016 
12.34, 0.2072168 
12.35, 0.2073611 
12.36, 0.2076361 
12.37, 0.2080352 
12.38, 0.2085446 
12.39, 0.2091436 
12.4, 0.2098058 
12.41, 0.2105009 
12.42, 0.2111960 
12.43, 0.2118580 
12.44, 0.2124553 
12.45, 0.2129598 
12.46, 0.2133486 
12.47, 0.2136061 
12.48, 0.2137247 
12.49, 0.2137058 
12.5, 0.2135602 
12.51, 0.2133076 
12.52, 0.2129757 
12.53, 0.2125981 
12.54, 0.2122124 
12.55, 0.2118571 
12.56, 0.2115689 
12.57, 0.2113799 
12.58, 0.2113152 
12.59, 0.2113911 
12.6, 0.2116142 
12.61, 0.2119817 
12.62, 0.2124814 
12.63, 0.2130944 
12.64, 0.2137961 
12.65, 0.2145596 
12.66, 0.2153571 
12.67, 0.2161631 
12.68, 0.2169555 
12.69, 0.2177172 
12.7, 0.2184366 
12.71, 0.2191079 
12.72, 0.2197303 
12.73, 0.2203075 
12.74, 0.2208458 
12.75, 0.2213535 
12.76, 0.2218393 
12.77, 0.2223110 
12.78, 0.2227745 
12.79, 0.2232336 
12.8, 0.2236896 
12.81, 0.2241409 
12.82, 0.2245841 
12.83, 0.2250138 
12.84, 0.2254234 
12.85, 0.2258060 
12.86, 0.2261542 
12.87, 0.2264609 
12.88, 0.2267195 
12.89, 0.2269240 
12.9, 0.2270691 
12.91, 0.2271500 
12.92, 0.2271629 
12.93, 0.2271049 
12.94, 0.2269741 
12.95, 0.2267696 
12.96, 0.2264921 
12.97, 0.2261438 
12.98, 0.2257284 
12.99, 0.2252512 
13, 0.2247192 
13.01, 0.2241409 
13.02, 0.2235257 
13.03, 0.2228844 
13.04, 0.2222281 
13.05, 0.2215687 
13.06, 0.2209182 
13.07, 0.2202888 
13.08, 0.2196928 
13.09, 0.2191423 
13.1, 0.2186495 
13.11, 0.2182262 
13.12, 0.2178838 
13.13, 0.2176328 
13.14, 0.2174824 
13.15, 0.2174397 
13.16, 0.2175095 
13.17, 0.2176935 
13.18, 0.2179899 
13.19, 0.2183933 
13.2, 0.2188946 
13.21, 0.2194813 
13.22, 0.2201385 
13.23, 0.2208492 
13.24, 0.2215957 
13.25, 0.2223604 
13.26, 0.2231264 
13.27, 0.2238788 
13.28, 0.2246046 
13.29, 0.2252931 
13.3, 0.2259360 
13.31, 0.2265266 
13.32, 0.2270602 
13.33, 0.2275332 
13.34, 0.2279430 
13.35, 0.2282879 
13.36, 0.2285670 
13.37, 0.2287806 
13.38, 0.2289303 
13.39, 0.2290195 
13.4, 0.2290535 
13.41, 0.2290397 
13.42, 0.2289875 
13.43, 0.2289075 
13.44, 0.2288116 
13.45, 0.2287118 
13.46, 0.2286194 
13.47, 0.2285441 
13.48, 0.2284937 
13.49, 0.2284734 
13.5, 0.2284857 
13.51, 0.2285305 
13.52, 0.2286059 
13.53, 0.2287085 
13.54, 0.2288344 
13.55, 0.2289800 
13.56, 0.2291423 
13.57, 0.2293198 
13.58, 0.2295121 
13.59, 0.2297199 
13.6, 0.2299445 
13.61, 0.2301869 
13.62, 0.2304475 
13.63, 0.2307256 
13.64, 0.2310185 
13.65, 0.2313224 
13.66, 0.2316322 
13.67, 0.2319422 
13.68, 0.2322472 
13.69, 0.2325429 
13.7, 0.2328267 
13.71, 0.2330982 
13.72, 0.2333588 
13.73, 0.2336117 
13.74, 0.2338609 
13.75, 0.2341104 
13.76, 0.2343630 
13.77, 0.2346198 
13.78, 0.2348792 
13.79, 0.2351370 
13.8, 0.2353864 
13.81, 0.2356187 
13.82, 0.2358238 
13.83, 0.2359918 
13.84, 0.2361132 
13.85, 0.2361804 
13.86, 0.2361876 
13.87, 0.2361318 
13.88, 0.2360123 
13.89, 0.2358306 
13.9, 0.2355903 
13.91, 0.2352966 
13.92, 0.2349564 
13.93, 0.2345777 
13.94, 0.2341702 
13.95, 0.2337444 
13.96, 0.2333123 
13.97, 0.2328866 
13.98, 0.2324805 
13.99, 0.2321066 
14, 0.2317767 
14.01, 0.2315002 
14.02, 0.2312838 
14.03, 0.2311310 
14.04, 0.2310416 
14.05, 0.2310124 
14.06, 0.2310376 
14.07, 0.2311097 
14.08, 0.2312205 
14.09, 0.2313624 
14.1, 0.2315286 
14.11, 0.2317142 
14.12, 0.2319161 
14.13, 0.2321328 
14.14, 0.2323640 
14.15, 0.2326101 
14.16, 0.2328718 
14.17, 0.2331496 
14.18, 0.2334437 
14.19, 0.2337537 
14.2, 0.2340795 
14.21, 0.2344212 
14.22, 0.2347798 
14.23, 0.2351574 
14.24, 0.2355573 
14.25, 0.2359844 
14.26, 0.2364441 
14.27, 0.2369424 
14.28, 0.2374845 
14.29, 0.2380743 
14.3, 0.2387127 
14.31, 0.2393974 
14.32, 0.2401217 
14.33, 0.2408739 
14.34, 0.2416381 
14.35, 0.2423936 
14.36, 0.2431168 
14.37, 0.2437818 
14.38, 0.2443623 
14.39, 0.2448337 
14.4, 0.2451743 
14.41, 0.2453677 
14.42, 0.2454034 
14.43, 0.2452779 
14.44, 0.2449947 
14.45, 0.2445639 
14.46, 0.2440011 
14.47, 0.2433259 
14.48, 0.2425605 
14.49, 0.2417276 
14.5, 0.2408492 
14.51, 0.2399456 
14.52, 0.2390342 
14.53, 0.2381298 
14.54, 0.2372442 
14.55, 0.2363872 
14.56, 0.2355663 
14.57, 0.2347879 
14.58, 0.2340569 
14.59, 0.2333772 
14.6, 0.2327512 
14.61, 0.2321797 
14.62, 0.2316609 
14.63, 0.2311908 
14.64, 0.2307622 
14.65, 0.2303651 
14.66, 0.2299870 
14.67, 0.2296133 
14.68, 0.2292285 
14.69, 0.2288166 
14.7, 0.2283626 
14.71, 0.2278532 
14.72, 0.2272778 
14.73, 0.2266288 
14.74, 0.2259024 
14.75, 0.2250985 
14.76, 0.2242209 
14.77, 0.2232771 
14.78, 0.2222778 
14.79, 0.2212367 
14.8, 0.2201701 
14.81, 0.2190957 
14.82, 0.2180321 
14.83, 0.2169982 
14.84, 0.2160118 
14.85, 0.2150891 
14.86, 0.2142438 
14.87, 0.2134864 
14.88, 0.2128235 
14.89, 0.2122580 
14.9, 0.2117885 
14.91, 0.2114098 
14.92, 0.2111131 
14.93, 0.2108868 
14.94, 0.2107167 
14.95, 0.2105874 
14.96, 0.2104829 
14.97, 0.2103876 
14.98, 0.2102874 
14.99, 0.2101700 
15, 0.2100261 
15.01, 0.2098494 
15.02, 0.2096367 
15.03, 0.2093880 
15.04, 0.2091054 
15.05, 0.2087928 
15.06, 0.2084545 
15.07, 0.2080944 
15.08, 0.2077152 
15.09, 0.2073170 
15.1, 0.2068977 
15.11, 0.2064523 
15.12, 0.2059738 
15.13, 0.2054535 
15.14, 0.2048824 
15.15, 0.2042522 
15.16, 0.2035568 
15.17, 0.2027935 
15.18, 0.2019636 
15.19, 0.2010730 
15.2, 0.2001326 
15.21, 0.1991572 
15.22, 0.1981650 
15.23, 0.1971766 
15.24, 0.1962130 
15.25, 0.1952943 
15.26, 0.1944384 
15.27, 0.1936596 
15.28, 0.1929675 
15.29, 0.1923667 
15.3, 0.1918564 
15.31, 0.1914305 
15.32, 0.1910785 
15.33, 0.1907861 
15.34, 0.1905364 
15.35, 0.1903112 
15.36, 0.1900921 
15.37, 0.1898619 
15.38, 0.1896058 
15.39, 0.1893117 
15.4, 0.1889715 
15.41, 0.1885806 
15.42, 0.1881383 
15.43, 0.1876472 
15.44, 0.1871123 
15.45, 0.1865403 
15.46, 0.1859385 
15.47, 0.1853139 
15.48, 0.1846721 
15.49, 0.1840174 
15.5, 0.1833515 
15.51, 0.1826748 
15.52, 0.1819859 
15.53, 0.1812829 
15.54, 0.1805643 
15.55, 0.1798300 
15.56, 0.1790823 
15.57, 0.1783266 
15.58, 0.1775719 
15.59, 0.1768307 
15.6, 0.1761179 
15.61, 0.1754504 
15.62, 0.1748447 
15.63, 0.1743158 
15.64, 0.1738754 
15.65, 0.1735297 
15.66, 0.1732791 
15.67, 0.1731174 
15.68, 0.1730318 
15.69, 0.1730040 
15.7, 0.1730122 
15.71, 0.1730321 
15.72, 0.1730400 
15.73, 0.1730143 
15.74, 0.1729377 
15.75, 0.1727981 
15.76, 0.1725894 
15.77, 0.1723116 
15.78, 0.1719701 
15.79, 0.1715747 
15.8, 0.1711379 
15.81, 0.1706739 
15.82, 0.1701968 
15.83, 0.1697192 
15.84, 0.1692518 
15.85, 0.1688024 
15.86, 0.1683757 
15.87, 0.1679736 
15.88, 0.1675958 
15.89, 0.1672401 
15.9, 0.1669034 
15.91, 0.1665827 
15.92, 0.1662751 
15.93, 0.1659791 
15.94, 0.1656945 
15.95, 0.1654222 
15.96, 0.1651642 
15.97, 0.1649229 
15.98, 0.1647007 
15.99, 0.1644990 
16, 0.1643177 
16.01, 0.1641553 
16.02, 0.1640078 
16.03, 0.1638698 
16.04, 0.1637345 
16.05, 0.1635943 
16.06, 0.1634419 
16.07, 0.1632707 
16.08, 0.1630761 
16.09, 0.1628555 
16.1, 0.1626090 
16.11, 0.1623395 
16.12, 0.1620520 
16.13, 0.1617538 
16.14, 0.1614533 
16.15, 0.1611593 
16.16, 0.1608800 
16.17, 0.1606225 
16.18, 0.1603915 
16.19, 0.1601891 
16.2, 0.1600141 
16.21, 0.1598622 
16.22, 0.1597259 
16.23, 0.1595950 
16.24, 0.1594573 
16.25, 0.1592993 
16.26, 0.1591076 
16.27, 0.1588696 
16.28, 0.1585747 
16.29, 0.1582147 
16.3, 0.1577849 
16.31, 0.1572839 
16.32, 0.1567138 
16.33, 0.1560795 
16.34, 0.1553883 
16.35, 0.1546493 
16.36, 0.1538721 
16.37, 0.1530669 
16.38, 0.1522430 
16.39, 0.1514095 
16.4, 0.1505744 
16.41, 0.1497449 
16.42, 0.1489278 
16.43, 0.1481290 
16.44, 0.1473544 
16.45, 0.1466092 
16.46, 0.1458983 
16.47, 0.1452258 
16.48, 0.1445948 
16.49, 0.1440071 
16.5, 0.1434629 
16.51, 0.1429607 
16.52, 0.1424974 
16.53, 0.1420682 
16.54, 0.1416673 
16.55, 0.1412879 
16.56, 0.1409232 
16.57, 0.1405667 
16.58, 0.1402124 
16.59, 0.1398559 
16.6, 0.1394940 
16.61, 0.1391254 
16.62, 0.1387501 
16.63, 0.1383696 
16.64, 0.1379868 
16.65, 0.1376050 
16.66, 0.1372284 
16.67, 0.1368610 
16.68, 0.1365068 
16.69, 0.1361689 
16.7, 0.1358502 
16.71, 0.1355522 
16.72, 0.1352760 
16.73, 0.1350217 
16.74, 0.1347885 
16.75, 0.1345752 
16.76, 0.1343802 
16.77, 0.1342012 
16.78, 0.1340359 
16.79, 0.1338815 
16.8, 0.1337350 
16.81, 0.1335928 
16.82, 0.1334514 
16.83, 0.1333065 
16.84, 0.1331539 
16.85, 0.1329893 
16.86, 0.1328087 
16.87, 0.1326089 
16.88, 0.1323874 
16.89, 0.1321431 
16.9, 0.1318765 
16.91, 0.1315895 
16.92, 0.1312857 
16.93, 0.1309698 
16.94, 0.1306476 
16.95, 0.1303254 
16.96, 0.1300096 
16.97, 0.1297060 
16.98, 0.1294197 
16.99, 0.1291543 
17, 0.1289122 
17.01, 0.1286939 
17.02, 0.1284985 
17.03, 0.1283234 
17.04, 0.1281648 
17.05, 0.1280178 
17.06, 0.1278773 
17.07, 0.1277376 
17.08, 0.1275935 
17.09, 0.1274405 
17.1, 0.1272751 
17.11, 0.1270949 
17.12, 0.1268992 
17.13, 0.1266885 
17.14, 0.1264645 
17.15, 0.1262298 
17.16, 0.1259874 
17.17, 0.1257405 
17.18, 0.1254916 
17.19, 0.1252427 
17.2, 0.1249948 
17.21, 0.1247479 
17.22, 0.1245009 
17.23, 0.1242524 
17.24, 0.1240006 
17.25, 0.1237438 
17.26, 0.1234812 
17.27, 0.1232127 
17.28, 0.1229395 
17.29, 0.1226642 
17.3, 0.1223901 
17.31, 0.1221217 
17.32, 0.1218638 
17.33, 0.1216210 
17.34, 0.1213976 
17.35, 0.1211964 
17.36, 0.1210192 
17.37, 0.1208658 
17.38, 0.1207341 
17.39, 0.1206201 
17.4, 0.1205184 
17.41, 0.1204218 
17.42, 0.1203226 
17.43, 0.1202126 
17.44, 0.1200838 
17.45, 0.1199294 
17.46, 0.1197438 
17.47, 0.1195234 
17.48, 0.1192671 
17.49, 0.1189758 
17.5, 0.1186531 
17.51, 0.1183044 
17.52, 0.1179369 
17.53, 0.1175589 
17.54, 0.1171790 
17.55, 0.1168059 
17.56, 0.1164476 
17.57, 0.1161108 
17.58, 0.1158010 
17.59, 0.1155218 
17.6, 0.1152752 
17.61, 0.1150615 
17.62, 0.1148791 
17.63, 0.1147254 
17.64, 0.1145963 
17.65, 0.1144866 
17.66, 0.1143909 
17.67, 0.1143029 
17.68, 0.1142169 
17.69, 0.1141275 
17.7, 0.1140300 
17.71, 0.1139213 
17.72, 0.1137996 
17.73, 0.1136649 
17.74, 0.1135189 
17.75, 0.1133648 
17.76, 0.1132066 
17.77, 0.1130494 
17.78, 0.1128982 
17.79, 0.1127575 
17.8, 0.1126311 
17.81, 0.1125211 
17.82, 0.1124283 
17.83, 0.1123521 
17.84, 0.1122901 
17.85, 0.1122389 
17.86, 0.1121942 
17.87, 0.1121513 
17.88, 0.1121057 
17.89, 0.1120531 
17.9, 0.1119903 
17.91, 0.1119151 
17.92, 0.1118264 
17.93, 0.1117248 
17.94, 0.1116117 
17.95, 0.1114898 
17.96, 0.1113625 
17.97, 0.1112334 
17.98, 0.1111062 
17.99, 0.1109841 
18, 0.1108695 
18.01, 0.1107634 
18.02, 0.1106657 
18.03, 0.1105750 
18.04, 0.1104883 
18.05, 0.1104016 
18.06, 0.1103102 
18.07, 0.1102085 
18.08, 0.1100913 
18.09, 0.1099534 
18.1, 0.1097904 
18.11, 0.1095986 
18.12, 0.1093760 
18.13, 0.1091213 
18.14, 0.1088351 
18.15, 0.1085189 
18.16, 0.1081757 
18.17, 0.1078092 
18.18, 0.1074240 
18.19, 0.1070249 
18.2, 0.1066168 
18.21, 0.1062046 
18.22, 0.1057923 
18.23, 0.1053835 
18.24, 0.1049811 
18.25, 0.1045868 
18.26, 0.1042018 
18.27, 0.1038266 
18.28, 0.1034615 
18.29, 0.1031063 
18.3, 0.1027611 
18.31, 0.1024261 
18.32, 0.1021016 
18.33, 0.1017884 
18.34, 0.1014874 
18.35, 0.1011998 
18.36, 0.1009263 
18.37, 0.1006678 
18.38, 0.1004242 
18.39, 0.1001954 
18.4, 0.0999801 
18.41, 0.0997767 
18.42, 0.0995828 
18.43, 0.0993959 
18.44, 0.0992131 
18.45, 0.0990313 
18.46, 0.0988481 
18.47, 0.0986610 
18.48, 0.0984685 
18.49, 0.0982696 
18.5, 0.0980639 
18.51, 0.0978520 
18.52, 0.0976348 
18.53, 0.0974140 
18.54, 0.0971913 
18.55, 0.0969688 
18.56, 0.0967485 
18.57, 0.0965321 
18.58, 0.0963210 
18.59, 0.0961161 
18.6, 0.0959179 
18.61, 0.0957261 
18.62, 0.0955402 
18.63, 0.0953591 
18.64, 0.0951817 
18.65, 0.0950067 
18.66, 0.0948332 
18.67, 0.0946604 
18.68, 0.0944881 
18.69, 0.0943166 
18.7, 0.0941468 
18.71, 0.0939800 
18.72, 0.0938175 
18.73, 0.0936609 
18.74, 0.0935113 
18.75, 0.0933693 
18.76, 0.0932348 
18.77, 0.0931067 
18.78, 0.0929835 
18.79, 0.0928627 
18.8, 0.0927421 
18.81, 0.0926192 
18.82, 0.0924925 
18.83, 0.0923615 
18.84, 0.0922269 
18.85, 0.0920905 
18.86, 0.0919555 
18.87, 0.0918256 
18.88, 0.0917048 
18.89, 0.0915964 
18.9, 0.0915026 
18.91, 0.0914242 
18.92, 0.0913598 
18.93, 0.0913063 
18.94, 0.0912588 
18.95, 0.0912113 
18.96, 0.0911575 
18.97, 0.0910911 
18.98, 0.0910071 
18.99, 0.0909020 
19, 0.0907746 
19.01, 0.0906258 
19.02, 0.0904586 
19.03, 0.0902781 
19.04, 0.0900902 
19.05, 0.0899017 
19.06, 0.0897191 
19.07, 0.0895483 
19.08, 0.0893936 
19.09, 0.0892580 
19.1, 0.0891424 
19.11, 0.0890459 
19.12, 0.0889661 
19.13, 0.0888993 
19.14, 0.0888407 
19.15, 0.0887852 
19.16, 0.0887273 
19.17, 0.0886620 
19.18, 0.0885845 
19.19, 0.0884908 
19.2, 0.0883776 
19.21, 0.0882425 
19.22, 0.0880841 
19.23, 0.0879019 
19.24, 0.0876964 
19.25, 0.0874691 
19.26, 0.0872222 
19.27, 0.0869593 
19.28, 0.0866844 
19.29, 0.0864022 
19.3, 0.0861180 
19.31, 0.0858370 
19.32, 0.0855645 
19.33, 0.0853050 
19.34, 0.0850626 
19.35, 0.0848403 
19.36, 0.0846401 
19.37, 0.0844629 
19.38, 0.0843084 
19.39, 0.0841754 
19.4, 0.0840620 
19.41, 0.0839657 
19.42, 0.0838838 
19.43, 0.0838135 
19.44, 0.0837522 
19.45, 0.0836979 
19.46, 0.0836487 
19.47, 0.0836034 
19.48, 0.0835613 
19.49, 0.0835223 
19.5, 0.0834865 
19.51, 0.0834546 
19.52, 0.0834273 
19.53, 0.0834056 
19.54, 0.0833905 
19.55, 0.0833828 
19.56, 0.0833831 
19.57, 0.0833915 
19.58, 0.0834076 
19.59, 0.0834303 
19.6, 0.0834578 
19.61, 0.0834876 
19.62, 0.0835167 
19.63, 0.0835413 
19.64, 0.0835576 
19.65, 0.0835617 
19.66, 0.0835500 
19.67, 0.0835195 
19.68, 0.0834681 
19.69, 0.0833946 
19.7, 0.0832991 
19.71, 0.0831830 
19.72, 0.0830487 
19.73, 0.0828997 
19.74, 0.0827401 
19.75, 0.0825747 
19.76, 0.0824084 
19.77, 0.0822459 
19.78, 0.0820916 
19.79, 0.0819495 
19.8, 0.0818224 
19.81, 0.0817124 
19.82, 0.0816203 
19.83, 0.0815460 
19.84, 0.0814882 
19.85, 0.0814444 
19.86, 0.0814115 
19.87, 0.0813853 
19.88, 0.0813614 
19.89, 0.0813351 
19.9, 0.0813016 
19.91, 0.0812567 
19.92, 0.0811965 
19.93, 0.0811182 
19.94, 0.0810196 
19.95, 0.0808996 
19.96, 0.0807579 
19.97, 0.0805952 
19.98, 0.0804127 
19.99, 0.0802124 
20, 0.0799965 
20.01, 0.0797680 
20.02, 0.0795296 
20.03, 0.0792848 
20.04, 0.0790370 
20.05, 0.0787898 
20.06, 0.0785470 
20.07, 0.0783126 
20.08, 0.0780906 
20.09, 0.0778848 
20.1, 0.0776990 
20.11, 0.0775362 
20.12, 0.0773994 
20.13, 0.0772903 
20.14, 0.0772102 
20.15, 0.0771591 
20.16, 0.0771364 
20.17, 0.0771404 
20.18, 0.0771689 
20.19, 0.0772189 
20.2, 0.0772870 
20.21, 0.0773698 
20.22, 0.0774636 
20.23, 0.0775648 
20.24, 0.0776696 
20.25, 0.0777743 
20.26, 0.0778753 
20.27, 0.0779685 
20.28, 0.0780500 
20.29, 0.0781156 
20.3, 0.0781612 
20.31, 0.0781829 
20.32, 0.0781772 
20.33, 0.0781413 
20.34, 0.0780736 
20.35, 0.0779733 
20.36, 0.0778415 
20.37, 0.0776801 
20.38, 0.0774926 
20.39, 0.0772838 
20.4, 0.0770588 
20.41, 0.0768235 
20.42, 0.0765837 
20.43, 0.0763450 
20.44, 0.0761119 
20.45, 0.0758885 
20.46, 0.0756771 
20.47, 0.0754794 
20.48, 0.0752957 
20.49, 0.0751253 
20.5, 0.0749670 
20.51, 0.0748188 
20.52, 0.0746788 
20.53, 0.0745451 
20.54, 0.0744160 
20.55, 0.0742904 
20.56, 0.0741674 
20.57, 0.0740468 
20.58, 0.0739287 
20.59, 0.0738135 
20.6, 0.0737019 
20.61, 0.0735944 
20.62, 0.0734914 
20.63, 0.0733932 
20.64, 0.0732994 
20.65, 0.0732096 
20.66, 0.0731228 
20.67, 0.0730377 
20.68, 0.0729532 
20.69, 0.0728681 
20.7, 0.0727817 
20.71, 0.0726938 
20.72, 0.0726049 
20.73, 0.0725165 
20.74, 0.0724305 
20.75, 0.0723498 
20.76, 0.0722774 
20.77, 0.0722165 
20.78, 0.0721700 
20.79, 0.0721403 
20.8, 0.0721288 
20.81, 0.0721360 
20.82, 0.0721613 
20.83, 0.0722032 
20.84, 0.0722594 
20.85, 0.0723270 
20.86, 0.0724030 
20.87, 0.0724843 
20.88, 0.0725680 
20.89, 0.0726515 
20.9, 0.0727321 
20.91, 0.0728075 
20.92, 0.0728754 
20.93, 0.0729329 
20.94, 0.0729774 
20.95, 0.0730056 
20.96, 0.0730141 
20.97, 0.0729997 
20.98, 0.0729594 
20.99, 0.0728909 
21, 0.0727927 
21.01, 0.0726649 
21.02, 0.0725090 
21.03, 0.0723281 
21.04, 0.0721266 
21.05, 0.0719103 
21.06, 0.0716858 
21.07, 0.0714599 
21.08, 0.0712393 
21.09, 0.0710297 
21.1, 0.0708359 
21.11, 0.0706611 
21.12, 0.0705066 
21.13, 0.0703722 
21.14, 0.0702561 
21.15, 0.0701555 
21.16, 0.0700664 
21.17, 0.0699849 
21.18, 0.0699068 
21.19, 0.0698285 
21.2, 0.0697472 
21.21, 0.0696608 
21.22, 0.0695682 
21.23, 0.0694694 
21.24, 0.0693649 
21.25, 0.0692560 
21.26, 0.0691444 
21.27, 0.0690320 
21.28, 0.0689208 
21.29, 0.0688126 
21.3, 0.0687089 
21.31, 0.0686111 
21.32, 0.0685199 
21.33, 0.0684358 
21.34, 0.0683584 
21.35, 0.0682870 
21.36, 0.0682205 
21.37, 0.0681571 
21.38, 0.0680948 
21.39, 0.0680316 
21.4, 0.0679654 
21.41, 0.0678943 
21.42, 0.0678171 
21.43, 0.0677330 
21.44, 0.0676419 
21.45, 0.0675445 
21.46, 0.0674420 
21.47, 0.0673360 
21.48, 0.0672284 
21.49, 0.0671211 
21.5, 0.0670155 
21.51, 0.0669128 
21.52, 0.0668134 
21.53, 0.0667173 
21.54, 0.0666238 
21.55, 0.0665317 
21.56, 0.0664396 
21.57, 0.0663461 
21.58, 0.0662497 
21.59, 0.0661494 
21.6, 0.0660445 
21.61, 0.0659350 
21.62, 0.0658213 
21.63, 0.0657046 
21.64, 0.0655865 
21.65, 0.0654687 
21.66, 0.0653533 
21.67, 0.0652423 
21.68, 0.0651370 
21.69, 0.0650386 
21.7, 0.0649474 
21.71, 0.0648627 
21.72, 0.0647831 
21.73, 0.0647064 
21.74, 0.0646296 
21.75, 0.0645495 
21.76, 0.0644626 
21.77, 0.0643657 
21.78, 0.0642558 
21.79, 0.0641310 
21.8, 0.0639898 
21.81, 0.0638319 
21.82, 0.0636577 
21.83, 0.0634685 
21.84, 0.0632660 
21.85, 0.0630525 
21.86, 0.0628305 
21.87, 0.0626024 
21.88, 0.0623706 
21.89, 0.0621373 
21.9, 0.0619048 
21.91, 0.0616748 
21.92, 0.0614495 
21.93, 0.0612307 
21.94, 0.0610205 
21.95, 0.0608211 
21.96, 0.0606347 
21.97, 0.0604632 
21.98, 0.0603087 
21.99, 0.0601725 
22, 0.0600556 
22.01, 0.0599583 
22.02, 0.0598800 
22.03, 0.0598193 
22.04, 0.0597741 
22.05, 0.0597419 
22.06, 0.0597195 
22.07, 0.0597037 
22.08, 0.0596911 
22.09, 0.0596786 
22.1, 0.0596634 
22.11, 0.0596429 
22.12, 0.0596149 
22.13, 0.0595773 
22.14, 0.0595287 
22.15, 0.0594674 
22.16, 0.0593924 
22.17, 0.0593026 
22.18, 0.0591976 
22.19, 0.0590769 
22.2, 0.0589411 
22.21, 0.0587909 
22.22, 0.0586279 
22.23, 0.0584543 
22.24, 0.0582725 
22.25, 0.0580856 
22.26, 0.0578967 
22.27, 0.0577088 
22.28, 0.0575245 
22.29, 0.0573460 
22.3, 0.0571747 
22.31, 0.0570110 
22.32, 0.0568548 
22.33, 0.0567051 
22.34, 0.0565600 
22.35, 0.0564174 
22.36, 0.0562749 
22.37, 0.0561303 
22.38, 0.0559813 
22.39, 0.0558266 
22.4, 0.0556651 
22.41, 0.0554967 
22.42, 0.0553223 
22.43, 0.0551432 
22.44, 0.0549616 
22.45, 0.0547798 
22.46, 0.0546007 
22.47, 0.0544268 
22.48, 0.0542604 
22.49, 0.0541034 
22.5, 0.0539569 
22.51, 0.0538211 
22.52, 0.0536956 
22.53, 0.0535792 
22.54, 0.0534699 
22.55, 0.0533653 
22.56, 0.0532628 
22.57, 0.0531595 
22.58, 0.0530526 
22.59, 0.0529397 
22.6, 0.0528188 
22.61, 0.0526884 
22.62, 0.0525477 
22.63, 0.0523966 
22.64, 0.0522360 
22.65, 0.0520671 
22.66, 0.0518919 
22.67, 0.0517131 
22.68, 0.0515333 
22.69, 0.0513556 
22.7, 0.0511830 
22.71, 0.0510183 
22.72, 0.0508637 
22.73, 0.0507209 
22.74, 0.0505910 
22.75, 0.0504742 
22.76, 0.0503700 
22.77, 0.0502773 
22.78, 0.0501940 
22.79, 0.0501181 
22.8, 0.0500467 
22.81, 0.0499772 
22.82, 0.0499070 
22.83, 0.0498334 
22.84, 0.0497542 
22.85, 0.0496677 
22.86, 0.0495724 
22.87, 0.0494672 
22.88, 0.0493514 
22.89, 0.0492250 
22.9, 0.0490879 
22.91, 0.0489407 
22.92, 0.0487840 
22.93, 0.0486190 
22.94, 0.0484471 
22.95, 0.0482699 
22.96, 0.0480894 
22.97, 0.0479078 
22.98, 0.0477273 
22.99, 0.0475503 
23, 0.0473790 
23.01, 0.0472156 
23.02, 0.0470619 
23.03, 0.0469196 
23.04, 0.0467898 
23.05, 0.0466730 
23.06, 0.0465695 
23.07, 0.0464789 
23.08, 0.0464004 
23.09, 0.0463330 
23.1, 0.0462752 
23.11, 0.0462253 
23.12, 0.0461818 
23.13, 0.0461429 
23.14, 0.0461074 
23.15, 0.0460739 
23.16, 0.0460417 
23.17, 0.0460100 
23.18, 0.0459783 
23.19, 0.0459465 
23.2, 0.0459141 
23.21, 0.0458809 
23.22, 0.0458464 
23.23, 0.0458098 
23.24, 0.0457702 
23.25, 0.0457267 
23.26, 0.0456782 
23.27, 0.0456234 
23.28, 0.0455616 
23.29, 0.0454920 
23.3, 0.0454141 
23.31, 0.0453279 
23.32, 0.0452336 
23.33, 0.0451314 
23.34, 0.0450223 
23.35, 0.0449069 
23.36, 0.0447862 
23.37, 0.0446613 
23.38, 0.0445334 
23.39, 0.0444038 
23.4, 0.0442738 
23.41, 0.0441450 
23.42, 0.0440193 
23.43, 0.0438983 
23.44, 0.0437840 
23.45, 0.0436780 
23.46, 0.0435820 
23.47, 0.0434971 
23.48, 0.0434241 
23.49, 0.0433631 
23.5, 0.0433136 
23.51, 0.0432745 
23.52, 0.0432443 
23.53, 0.0432209 
23.54, 0.0432019 
23.55, 0.0431850 
23.56, 0.0431679 
23.57, 0.0431486 
23.58, 0.0431254 
23.59, 0.0430973 
23.6, 0.0430639 
23.61, 0.0430252 
23.62, 0.0429820 
23.63, 0.0429352 
23.64, 0.0428863 
23.65, 0.0428370 
23.66, 0.0427890 
23.67, 0.0427438 
23.68, 0.0427028 
23.69, 0.0426672 
23.7, 0.0426377 
23.71, 0.0426145 
23.72, 0.0425976 
23.73, 0.0425863 
23.74, 0.0425797 
23.75, 0.0425766 
23.76, 0.0425753 
23.77, 0.0425743 
23.78, 0.0425719 
23.79, 0.0425666 
23.8, 0.0425572 
23.81, 0.0425427 
23.82, 0.0425224 
23.83, 0.0424963 
23.84, 0.0424645 
23.85, 0.0424275 
23.86, 0.0423860 
23.87, 0.0423409 
23.88, 0.0422932 
23.89, 0.0422437 
23.9, 0.0421930 
23.91, 0.0421418 
23.92, 0.0420902 
23.93, 0.0420384 
23.94, 0.0419864 
23.95, 0.0419341 
23.96, 0.0418814 
23.97, 0.0418284 
23.98, 0.0417752 
23.99, 0.0417220 
24, 0.0416692 
24.01, 0.0416171 
24.02, 0.0415662 
24.03, 0.0415166 
24.04, 0.0414685 
24.05, 0.0414216 
24.06, 0.0413756 
24.07, 0.0413297 
24.08, 0.0412829 
24.09, 0.0412340 
24.1, 0.0411818 
24.11, 0.0411250 
24.12, 0.0410625 
24.13, 0.0409934 
24.14, 0.0409171 
24.15, 0.0408333 
24.16, 0.0407422 
24.17, 0.0406444 
24.18, 0.0405406 
24.19, 0.0404320 
24.2, 0.0403198 
24.21, 0.0402053 
24.22, 0.0400899 
24.23, 0.0399747 
24.24, 0.0398605 
24.25, 0.0397481 
24.26, 0.0396375 
24.27, 0.0395289 
24.28, 0.0394219 
24.29, 0.0393159 
24.3, 0.0392103 
24.31, 0.0391044 
24.32, 0.0389976 
24.33, 0.0388894 
24.34, 0.0387796 
24.35, 0.0386681 
24.36, 0.0385553 
24.37, 0.0384416 
24.38, 0.0383278 
24.39, 0.0382147 
24.4, 0.0381032 
24.41, 0.0379943 
24.42, 0.0378890 
24.43, 0.0377881 
24.44, 0.0376922 
24.45, 0.0376020 
24.46, 0.0375179 
24.47, 0.0374404 
24.48, 0.0373698 
24.49, 0.0373065 
24.5, 0.0372509 
24.51, 0.0372036 
24.52, 0.0371651 
24.53, 0.0371362 
24.54, 0.0371175 
24.55, 0.0371095 
24.56, 0.0371126 
24.57, 0.0371268 
24.58, 0.0371519 
24.59, 0.0371870 
24.6, 0.0372309 
24.61, 0.0372817 
24.62, 0.0373372 
24.63, 0.0373951 
24.64, 0.0374526 
24.65, 0.0375071 
24.66, 0.0375562 
24.67, 0.0375976 
24.68, 0.0376294 
24.69, 0.0376504 
24.7, 0.0376596 
24.71, 0.0376565 
24.72, 0.0376414 
24.73, 0.0376145 
24.74, 0.0375766 
24.75, 0.0375288 
24.76, 0.0374722 
24.77, 0.0374080 
24.78, 0.0373376 
24.79, 0.0372621 
24.8, 0.0371829 
24.81, 0.0371012 
24.82, 0.0370180 
24.83, 0.0369345 
24.84, 0.0368514 
24.85, 0.0367698 
24.86, 0.0366903 
24.87, 0.0366135 
24.88, 0.0365399 
24.89, 0.0364697 
24.9, 0.0364031 
24.91, 0.0363396 
24.92, 0.0362790 
24.93, 0.0362204 
24.94, 0.0361631 
24.95, 0.0361059 
24.96, 0.0360478 
24.97, 0.0359879 
24.98, 0.0359256 
24.99, 0.0358603 
25, 0.0357920 
25.01, 0.0357211 
25.02, 0.0356481 
25.03, 0.0355739 
25.04, 0.0354994 
25.05, 0.0354254 
25.06, 0.0353526 
25.07, 0.0352816 
25.08, 0.0352122 
25.09, 0.0351444 
25.1, 0.0350777 
25.11, 0.0350116 
25.12, 0.0349454 
25.13, 0.0348788 
25.14, 0.0348118 
25.15, 0.0347446 
25.16, 0.0346778 
25.17, 0.0346127 
25.18, 0.0345503 
25.19, 0.0344922 
25.2, 0.0344396 
25.21, 0.0343937 
25.22, 0.0343552 
25.23, 0.0343241 
25.24, 0.0343003 
25.25, 0.0342827 
25.26, 0.0342700 
25.27, 0.0342607 
25.28, 0.0342530 
25.29, 0.0342453 
25.3, 0.0342362 
25.31, 0.0342249 
25.32, 0.0342111 
25.33, 0.0341948 
25.34, 0.0341768 
25.35, 0.0341581 
25.36, 0.0341398 
25.37, 0.0341232 
25.38, 0.0341093 
25.39, 0.0340985 
25.4, 0.0340909 
25.41, 0.0340860 
25.42, 0.0340825 
25.43, 0.0340791 
25.44, 0.0340737 
25.45, 0.0340646 
25.46, 0.0340500 
25.47, 0.0340285 
25.48, 0.0339992 
25.49, 0.0339621 
25.5, 0.0339175 
25.51, 0.0338665 
25.52, 0.0338107 
25.53, 0.0337520 
25.54, 0.0336921 
25.55, 0.0336327 
25.56, 0.0335752 
25.57, 0.0335201 
25.58, 0.0334678 
25.59, 0.0334177 
25.6, 0.0333688 
25.61, 0.0333200 
25.62, 0.0332697 
25.63, 0.0332164 
25.64, 0.0331591 
25.65, 0.0330969 
25.66, 0.0330294 
25.67, 0.0329568 
25.68, 0.0328795 
25.69, 0.0327987 
25.7, 0.0327156 
25.71, 0.0326316 
25.72, 0.0325483 
25.73, 0.0324672 
25.74, 0.0323896 
25.75, 0.0323167 
25.76, 0.0322497 
25.77, 0.0321892 
25.78, 0.0321359 
25.79, 0.0320903 
25.8, 0.0320528 
25.81, 0.0320233 
25.82, 0.0320018 
25.83, 0.0319882 
25.84, 0.0319819 
25.85, 0.0319824 
25.86, 0.0319888 
25.87, 0.0320000 
25.88, 0.0320147 
25.89, 0.0320313 
25.9, 0.0320482 
25.91, 0.0320635 
25.92, 0.0320754 
25.93, 0.0320822 
25.94, 0.0320822 
25.95, 0.0320742 
25.96, 0.0320573 
25.97, 0.0320310 
25.98, 0.0319952 
25.99, 0.0319507 
26, 0.0318982 
26.01, 0.0318392 
26.02, 0.0317753 
26.03, 0.0317082 
26.04, 0.0316397 
26.05, 0.0315713 
26.06, 0.0315046 
26.07, 0.0314405 
26.08, 0.0313797 
26.09, 0.0313227 
26.1, 0.0312695 
26.11, 0.0312199 
26.12, 0.0311736 
26.13, 0.0311299 
26.14, 0.0310884 
26.15, 0.0310484 
26.16, 0.0310093 
26.17, 0.0309707 
26.18, 0.0309321 
26.19, 0.0308930 
26.2, 0.0308533 
26.21, 0.0308128 
26.22, 0.0307716 
26.23, 0.0307297 
26.24, 0.0306876 
26.25, 0.0306459 
26.26, 0.0306052 
26.27, 0.0305664 
26.28, 0.0305300 
26.29, 0.0304969 
26.3, 0.0304676 
26.31, 0.0304423 
26.32, 0.0304210 
26.33, 0.0304033 
26.34, 0.0303885 
26.35, 0.0303757 
26.36, 0.0303637 
26.37, 0.0303512 
26.38, 0.0303368 
26.39, 0.0303193 
26.4, 0.0302976 
26.41, 0.0302706 
26.42, 0.0302376 
26.43, 0.0301983 
26.44, 0.0301524 
26.45, 0.0301003 
26.46, 0.0300422 
26.47, 0.0299791 
26.48, 0.0299120 
26.49, 0.0298425 
26.5, 0.0297722 
26.51, 0.0297031 
26.52, 0.0296373 
26.53, 0.0295771 
26.54, 0.0295246 
26.55, 0.0294819 
26.56, 0.0294505 
26.57, 0.0294316 
26.58, 0.0294260 
26.59, 0.0294334 
26.6, 0.0294531 
26.61, 0.0294835 
26.62, 0.0295224 
26.63, 0.0295672 
26.64, 0.0296147 
26.65, 0.0296616 
26.66, 0.0297046 
26.67, 0.0297406 
26.68, 0.0297667 
26.69, 0.0297808 
26.7, 0.0297810 
26.71, 0.0297664 
26.72, 0.0297363 
26.73, 0.0296910 
26.74, 0.0296309 
26.75, 0.0295572 
26.76, 0.0294711 
26.77, 0.0293742 
26.78, 0.0292683 
26.79, 0.0291551 
26.8, 0.0290366 
26.81, 0.0289147 
26.82, 0.0287912 
26.83, 0.0286680 
26.84, 0.0285467 
26.85, 0.0284290 
26.86, 0.0283163 
26.87, 0.0282098 
26.88, 0.0281105 
26.89, 0.0280192 
26.9, 0.0279361 
26.91, 0.0278612 
26.92, 0.0277941 
26.93, 0.0277341 
26.94, 0.0276800 
26.95, 0.0276304 
26.96, 0.0275838 
26.97, 0.0275382 
26.98, 0.0274920 
26.99, 0.0274434 
27, 0.0273910 
27.01, 0.0273337 
27.02, 0.0272708 
27.03, 0.0272020 
27.04, 0.0271277 
27.05, 0.0270488 
27.06, 0.0269666 
27.07, 0.0268827 
27.08, 0.0267991 
27.09, 0.0267178 
27.1, 0.0266407 
27.11, 0.0265695 
27.12, 0.0265055 
27.13, 0.0264496 
27.14, 0.0264020 
27.15, 0.0263625 
27.16, 0.0263305 
27.17, 0.0263048 
27.18, 0.0262840 
27.19, 0.0262669 
27.2, 0.0262518 
27.21, 0.0262376 
27.22, 0.0262232 
27.23, 0.0262082 
27.24, 0.0261923 
27.25, 0.0261755 
27.26, 0.0261585 
27.27, 0.0261416 
27.28, 0.0261258 
27.29, 0.0261116 
27.3, 0.0260995 
27.31, 0.0260898 
27.32, 0.0260826 
27.33, 0.0260777 
27.34, 0.0260745 
27.35, 0.0260723 
27.36, 0.0260704 
27.37, 0.0260680 
27.38, 0.0260641 
27.39, 0.0260581 
27.4, 0.0260495 
27.41, 0.0260377 
27.42, 0.0260226 
27.43, 0.0260042 
27.44, 0.0259824 
27.45, 0.0259577 
27.46, 0.0259305 
27.47, 0.0259012 
27.48, 0.0258706 
27.49, 0.0258394 
27.5, 0.0258084 
27.51, 0.0257783 
27.52, 0.0257499 
27.53, 0.0257240 
27.54, 0.0257010 
27.55, 0.0256816 
27.56, 0.0256658 
27.57, 0.0256540 
27.58, 0.0256458 
27.59, 0.0256410 
27.6, 0.0256391 
27.61, 0.0256395 
27.62, 0.0256413 
27.63, 0.0256438 
27.64, 0.0256461 
27.65, 0.0256476 
27.66, 0.0256474 
27.67, 0.0256452 
27.68, 0.0256406 
27.69, 0.0256334 
27.7, 0.0256237 
27.71, 0.0256116 
27.72, 0.0255975 
27.73, 0.0255816 
27.74, 0.0255643 
27.75, 0.0255459 
27.76, 0.0255268 
27.77, 0.0255071 
27.78, 0.0254869 
27.79, 0.0254662 
27.8, 0.0254450 
27.81, 0.0254230 
27.82, 0.0253999 
27.83, 0.0253754 
27.84, 0.0253490 
27.85, 0.0253202 
27.86, 0.0252885 
27.87, 0.0252534 
27.88, 0.0252142 
27.89, 0.0251707 
27.9, 0.0251225 
27.91, 0.0250694 
27.92, 0.0250116 
27.93, 0.0249495 
27.94, 0.0248837 
27.95, 0.0248155 
27.96, 0.0247460 
27.97, 0.0246770 
27.98, 0.0246102 
27.99, 0.0245473 
28, 0.0244903 
28.01, 0.0244407 
28.02, 0.0243998 
28.03, 0.0243686 
28.04, 0.0243474 
28.05, 0.0243362 
28.06, 0.0243342 
28.07, 0.0243403 
28.08, 0.0243527 
28.09, 0.0243696 
28.1, 0.0243887 
28.11, 0.0244077 
28.12, 0.0244247 
28.13, 0.0244376 
28.14, 0.0244451 
28.15, 0.0244462 
28.16, 0.0244405 
28.17, 0.0244279 
28.18, 0.0244090 
28.19, 0.0243845 
28.2, 0.0243555 
28.21, 0.0243229 
28.22, 0.0242878 
28.23, 0.0242509 
28.24, 0.0242126 
28.25, 0.0241733 
28.26, 0.0241328 
28.27, 0.0240911 
28.28, 0.0240478 
28.29, 0.0240026 
28.3, 0.0239555 
28.31, 0.0239065 
28.32, 0.0238556 
28.33, 0.0238035 
28.34, 0.0237505 
28.35, 0.0236973 
28.36, 0.0236447 
28.37, 0.0235933 
28.38, 0.0235436 
28.39, 0.0234963 
28.4, 0.0234518 
28.41, 0.0234105 
28.42, 0.0233727 
28.43, 0.0233389 
28.44, 0.0233093 
28.45, 0.0232845 
28.46, 0.0232646 
28.47, 0.0232501 
28.48, 0.0232411 
28.49, 0.0232376 
28.5, 0.0232396 
28.51, 0.0232465 
28.52, 0.0232579 
28.53, 0.0232730 
28.54, 0.0232909 
28.55, 0.0233106 
28.56, 0.0233311 
28.57, 0.0233516 
28.58, 0.0233712 
28.59, 0.0233894 
28.6, 0.0234057 
28.61, 0.0234201 
28.62, 0.0234327 
28.63, 0.0234439 
28.64, 0.0234543 
28.65, 0.0234647 
28.66, 0.0234758 
28.67, 0.0234886 
28.68, 0.0235037 
28.69, 0.0235217 
28.7, 0.0235429 
28.71, 0.0235672 
28.72, 0.0235943 
28.73, 0.0236235 
28.74, 0.0236538 
28.75, 0.0236840 
28.76, 0.0237129 
28.77, 0.0237390 
28.78, 0.0237612 
28.79, 0.0237785 
28.8, 0.0237901 
28.81, 0.0237957 
28.82, 0.0237950 
28.83, 0.0237883 
28.84, 0.0237759 
28.85, 0.0237585 
28.86, 0.0237368 
28.87, 0.0237112 
28.88, 0.0236824 
28.89, 0.0236509 
28.9, 0.0236169 
28.91, 0.0235809 
28.92, 0.0235430 
28.93, 0.0235034 
28.94, 0.0234625 
28.95, 0.0234203 
28.96, 0.0233774 
28.97, 0.0233340 
28.98, 0.0232904 
28.99, 0.0232470 
29, 0.0232040 
29.01, 0.0231614 
29.02, 0.0231194 
29.03, 0.0230780 
29.04, 0.0230372 
29.05, 0.0229971 
29.06, 0.0229580 
29.07, 0.0229203 
29.08, 0.0228845 
29.09, 0.0228515 
29.1, 0.0228220 
29.11, 0.0227968 
29.12, 0.0227766 
29.13, 0.0227617 
29.14, 0.0227521 
29.15, 0.0227476 
29.16, 0.0227474 
29.17, 0.0227501 
29.18, 0.0227543 
29.19, 0.0227583 
29.2, 0.0227600 
29.21, 0.0227576 
29.22, 0.0227497 
29.23, 0.0227348 
29.24, 0.0227123 
29.25, 0.0226821 
29.26, 0.0226445 
29.27, 0.0226005 
29.28, 0.0225519 
29.29, 0.0225006 
29.3, 0.0224489 
29.31, 0.0223992 
29.32, 0.0223537 
29.33, 0.0223143 
29.34, 0.0222826 
29.35, 0.0222593 
29.36, 0.0222447 
29.37, 0.0222381 
29.38, 0.0222384 
29.39, 0.0222438 
29.4, 0.0222520 
29.41, 0.0222608 
29.42, 0.0222676 
29.43, 0.0222703 
29.44, 0.0222669 
29.45, 0.0222559 
29.46, 0.0222366 
29.47, 0.0222086 
29.48, 0.0221722 
29.49, 0.0221281 
29.5, 0.0220773 
29.51, 0.0220213 
29.52, 0.0219614 
29.53, 0.0218993 
29.54, 0.0218362 
29.55, 0.0217733 
29.56, 0.0217118 
29.57, 0.0216523 
29.58, 0.0215955 
29.59, 0.0215419 
29.6, 0.0214919 
29.61, 0.0214459 
29.62, 0.0214041 
29.63, 0.0213669 
29.64, 0.0213347 
29.65, 0.0213077 
29.66, 0.0212862 
29.67, 0.0212700 
29.68, 0.0212591 
29.69, 0.0212529 
29.7, 0.0212507 
29.71, 0.0212513 
29.72, 0.0212536 
29.73, 0.0212559 
29.74, 0.0212567 
29.75, 0.0212543 
29.76, 0.0212474 
29.77, 0.0212347 
29.78, 0.0212155 
29.79, 0.0211892 
29.8, 0.0211561 
29.81, 0.0211165 
29.82, 0.0210714 
29.83, 0.0210222 
29.84, 0.0209704 
29.85, 0.0209180 
29.86, 0.0208666 
29.87, 0.0208184 
29.88, 0.0207749 
29.89, 0.0207379 
29.9, 0.0207084 
29.91, 0.0206875 
29.92, 0.0206756 
29.93, 0.0206728 
29.94, 0.0206789 
29.95, 0.0206931 
29.96, 0.0207144 
29.97, 0.0207415 
29.98, 0.0207727 
29.99, 0.0208064 
30, 0.0208407 
30.01, 0.0208739 
30.02, 0.0209044 
30.03, 0.0209304 
30.04, 0.0209510 
30.05, 0.0209650 
30.06, 0.0209718 
30.07, 0.0209713 
30.08, 0.0209634 
30.09, 0.0209486 
30.1, 0.0209275 
30.11, 0.0209010 
30.12, 0.0208700 
30.13, 0.0208353 
30.14, 0.0207979 
30.15, 0.0207585 
30.16, 0.0207176 
30.17, 0.0206755 
30.18, 0.0206322 
30.19, 0.0205876 
30.2, 0.0205416 
30.21, 0.0204939 
30.22, 0.0204442 
30.23, 0.0203927 
30.24, 0.0203394 
30.25, 0.0202848 
30.26, 0.0202297 
30.27, 0.0201747 
30.28, 0.0201211 
30.29, 0.0200699 
30.3, 0.0200220 
30.31, 0.0199783 
30.32, 0.0199394 
30.33, 0.0199054 
30.34, 0.0198763 
30.35, 0.0198515 
30.36, 0.0198302 
30.37, 0.0198114 
30.38, 0.0197939 
30.39, 0.0197763 
30.4, 0.0197575 
30.41, 0.0197365 
30.42, 0.0197124 
30.43, 0.0196847 
30.44, 0.0196533 
30.45, 0.0196182 
30.46, 0.0195799 
30.47, 0.0195391 
30.48, 0.0194969 
30.49, 0.0194542 
30.5, 0.0194124 
30.51, 0.0193725 
30.52, 0.0193357 
30.53, 0.0193029 
30.54, 0.0192748 
30.55, 0.0192518 
30.56, 0.0192340 
30.57, 0.0192214 
30.58, 0.0192137 
30.59, 0.0192103 
30.6, 0.0192106 
30.61, 0.0192140 
30.62, 0.0192199 
30.63, 0.0192276 
30.64, 0.0192368 
30.65, 0.0192472 
30.66, 0.0192586 
30.67, 0.0192710 
30.68, 0.0192845 
30.69, 0.0192994 
30.7, 0.0193157 
30.71, 0.0193337 
30.72, 0.0193535 
30.73, 0.0193749 
30.74, 0.0193978 
30.75, 0.0194218 
30.76, 0.0194465 
30.77, 0.0194712 
30.78, 0.0194952 
30.79, 0.0195178 
30.8, 0.0195383 
30.81, 0.0195562 
30.82, 0.0195708 
30.83, 0.0195819 
30.84, 0.0195892 
30.85, 0.0195928 
30.86, 0.0195926 
30.87, 0.0195890 
30.88, 0.0195823 
30.89, 0.0195730 
30.9, 0.0195616 
30.91, 0.0195486 
30.92, 0.0195345 
30.93, 0.0195198 
30.94, 0.0195048 
30.95, 0.0194898 
30.96, 0.0194750 
30.97, 0.0194604 
30.98, 0.0194457 
30.99, 0.0194309 
31, 0.0194154 
31.01, 0.0193989 
31.02, 0.0193809 
31.03, 0.0193608 
31.04, 0.0193380 
31.05, 0.0193123 
31.06, 0.0192832 
31.07, 0.0192505 
31.08, 0.0192143 
31.09, 0.0191746 
31.1, 0.0191321 
31.11, 0.0190874 
31.12, 0.0190414 
31.13, 0.0189952 
31.14, 0.0189501 
31.15, 0.0189076 
31.16, 0.0188690 
31.17, 0.0188357 
31.18, 0.0188089 
31.19, 0.0187896 
31.2, 0.0187783 
31.21, 0.0187755 
31.22, 0.0187808 
31.23, 0.0187939 
31.24, 0.0188137 
31.25, 0.0188392 
31.26, 0.0188688 
31.27, 0.0189009 
31.28, 0.0189339 
31.29, 0.0189662 
31.3, 0.0189966 
31.31, 0.0190238 
31.32, 0.0190472 
31.33, 0.0190664 
31.34, 0.0190811 
31.35, 0.0190918 
31.36, 0.0190989 
31.37, 0.0191031 
31.38, 0.0191051 
31.39, 0.0191060 
31.4, 0.0191065 
31.41, 0.0191074 
31.42, 0.0191094 
31.43, 0.0191131 
31.44, 0.0191189 
31.45, 0.0191270 
31.46, 0.0191375 
31.47, 0.0191506 
31.48, 0.0191659 
31.49, 0.0191832 
31.5, 0.0192021 
31.51, 0.0192220 
31.52, 0.0192424 
31.53, 0.0192623 
31.54, 0.0192812 
31.55, 0.0192981 
31.56, 0.0193124 
31.57, 0.0193234 
31.58, 0.0193306 
31.59, 0.0193338 
31.6, 0.0193331 
31.61, 0.0193286 
31.62, 0.0193209 
31.63, 0.0193107 
31.64, 0.0192991 
31.65, 0.0192870 
31.66, 0.0192755 
31.67, 0.0192656 
31.68, 0.0192583 
31.69, 0.0192542 
31.7, 0.0192539 
31.71, 0.0192577 
31.72, 0.0192655 
31.73, 0.0192774 
31.74, 0.0192928 
31.75, 0.0193112 
31.76, 0.0193320 
31.77, 0.0193545 
31.78, 0.0193775 
31.79, 0.0194003 
31.8, 0.0194219 
31.81, 0.0194411 
31.82, 0.0194571 
31.83, 0.0194688 
31.84, 0.0194755 
31.85, 0.0194765 
31.86, 0.0194713 
31.87, 0.0194597 
31.88, 0.0194416 
31.89, 0.0194174 
31.9, 0.0193875 
31.91, 0.0193526 
31.92, 0.0193138 
31.93, 0.0192718 
31.94, 0.0192278 
31.95, 0.0191827 
31.96, 0.0191373 
31.97, 0.0190921 
31.98, 0.0190475 
31.99, 0.0190033 
32, 0.0189594 
32.01, 0.0189153 
32.02, 0.0188702 
32.03, 0.0188236 
32.04, 0.0187748 
32.05, 0.0187234 
32.06, 0.0186693 
32.07, 0.0186126 
32.08, 0.0185540 
32.09, 0.0184943 
32.1, 0.0184347 
32.11, 0.0183766 
32.12, 0.0183214 
32.13, 0.0182703 
32.14, 0.0182245 
32.15, 0.0181847 
32.16, 0.0181512 
32.17, 0.0181241 
32.18, 0.0181027 
32.19, 0.0180863 
32.2, 0.0180739 
32.21, 0.0180644 
32.22, 0.0180566 
32.23, 0.0180493 
32.24, 0.0180417 
32.25, 0.0180331 
32.26, 0.0180231 
32.27, 0.0180114 
32.28, 0.0179982 
32.29, 0.0179837 
32.3, 0.0179683 
32.31, 0.0179524 
32.32, 0.0179365 
32.33, 0.0179209 
32.34, 0.0179061 
32.35, 0.0178922 
32.36, 0.0178792 
32.37, 0.0178669 
32.38, 0.0178551 
32.39, 0.0178434 
32.4, 0.0178313 
32.41, 0.0178184 
32.42, 0.0178043 
32.43, 0.0177886 
32.44, 0.0177711 
32.45, 0.0177517 
32.46, 0.0177303 
32.47, 0.0177069 
32.48, 0.0176816 
32.49, 0.0176544 
32.5, 0.0176254 
32.51, 0.0175947 
32.52, 0.0175621 
32.53, 0.0175279 
32.54, 0.0174920 
32.55, 0.0174546 
32.56, 0.0174160 
32.57, 0.0173766 
32.58, 0.0173371 
32.59, 0.0172982 
32.6, 0.0172607 
32.61, 0.0172256 
32.62, 0.0171939 
32.63, 0.0171663 
32.64, 0.0171437 
32.65, 0.0171265 
32.66, 0.0171150 
32.67, 0.0171093 
32.68, 0.0171089 
32.69, 0.0171135 
32.7, 0.0171221 
32.71, 0.0171339 
32.72, 0.0171476 
32.73, 0.0171622 
32.74, 0.0171765 
32.75, 0.0171893 
32.76, 0.0171997 
32.77, 0.0172067 
32.78, 0.0172098 
32.79, 0.0172085 
32.8, 0.0172026 
32.81, 0.0171922 
32.82, 0.0171777 
32.83, 0.0171595 
32.84, 0.0171383 
32.85, 0.0171149 
32.86, 0.0170902 
32.87, 0.0170651 
32.88, 0.0170405 
32.89, 0.0170171 
32.9, 0.0169955 
32.91, 0.0169761 
32.92, 0.0169593 
32.93, 0.0169452 
32.94, 0.0169338 
32.95, 0.0169251 
32.96, 0.0169190 
32.97, 0.0169152 
32.98, 0.0169137 
32.99, 0.0169142 
33, 0.0169166 
33.01, 0.0169208 
33.02, 0.0169263 
33.03, 0.0169329 
33.04, 0.0169401 
33.05, 0.0169473 
33.06, 0.0169538 
33.07, 0.0169590 
33.08, 0.0169619 
33.09, 0.0169618 
33.1, 0.0169578 
33.11, 0.0169493 
33.12, 0.0169358 
33.13, 0.0169170 
33.14, 0.0168928 
33.15, 0.0168634 
33.16, 0.0168290 
33.17, 0.0167904 
33.18, 0.0167484 
33.19, 0.0167038 
33.2, 0.0166578 
33.21, 0.0166116 
33.22, 0.0165663 
33.23, 0.0165233 
33.24, 0.0164837 
33.25, 0.0164486 
33.26, 0.0164190 
33.27, 0.0163959 
33.28, 0.0163797 
33.29, 0.0163709 
33.3, 0.0163695 
33.31, 0.0163751 
33.32, 0.0163872 
33.33, 0.0164049 
33.34, 0.0164270 
33.35, 0.0164521 
33.36, 0.0164787 
33.37, 0.0165056 
33.38, 0.0165313 
33.39, 0.0165547 
33.4, 0.0165751 
33.41, 0.0165919 
33.42, 0.0166048 
33.43, 0.0166139 
33.44, 0.0166195 
33.45, 0.0166220 
33.46, 0.0166220 
33.47, 0.0166201 
33.48, 0.0166167 
33.49, 0.0166125 
33.5, 0.0166078 
33.51, 0.0166029 
33.52, 0.0165980 
33.53, 0.0165933 
33.54, 0.0165890 
33.55, 0.0165851 
33.56, 0.0165818 
33.57, 0.0165791 
33.58, 0.0165773 
33.59, 0.0165765 
33.6, 0.0165768 
33.61, 0.0165784 
33.62, 0.0165813 
33.63, 0.0165855 
33.64, 0.0165907 
33.65, 0.0165967 
33.66, 0.0166030 
33.67, 0.0166091 
33.68, 0.0166143 
33.69, 0.0166179 
33.7, 0.0166192 
33.71, 0.0166175 
33.72, 0.0166123 
33.73, 0.0166032 
33.74, 0.0165900 
33.75, 0.0165727 
33.76, 0.0165516 
33.77, 0.0165270 
33.78, 0.0164996 
33.79, 0.0164700 
33.8, 0.0164389 
33.81, 0.0164070 
33.82, 0.0163749 
33.83, 0.0163432 
33.84, 0.0163122 
33.85, 0.0162823 
33.86, 0.0162538 
33.87, 0.0162268 
33.88, 0.0162016 
33.89, 0.0161783 
33.9, 0.0161573 
33.91, 0.0161389 
33.92, 0.0161233 
33.93, 0.0161111 
33.94, 0.0161024 
33.95, 0.0160978 
33.96, 0.0160972 
33.97, 0.0161008 
33.98, 0.0161086 
33.99, 0.0161203 
34, 0.0161356 
34.01, 0.0161538 
34.02, 0.0161745 
34.03, 0.0161969 
34.04, 0.0162204 
34.05, 0.0162442 
34.06, 0.0162676 
34.07, 0.0162901 
34.08, 0.0163110 
34.09, 0.0163300 
34.1, 0.0163465 
34.11, 0.0163602 
34.12, 0.0163710 
34.13, 0.0163786 
34.14, 0.0163828 
34.15, 0.0163836 
34.16, 0.0163810 
34.17, 0.0163750 
34.18, 0.0163657 
34.19, 0.0163534 
34.2, 0.0163382 
34.21, 0.0163206 
34.22, 0.0163008 
34.23, 0.0162792 
34.24, 0.0162563 
34.25, 0.0162324 
34.26, 0.0162078 
34.27, 0.0161829 
34.28, 0.0161579 
34.29, 0.0161331 
34.3, 0.0161085 
34.31, 0.0160844 
34.32, 0.0160610 
34.33, 0.0160385 
34.34, 0.0160172 
34.35, 0.0159973 
34.36, 0.0159792 
34.37, 0.0159629 
34.38, 0.0159487 
34.39, 0.0159365 
34.4, 0.0159262 
34.41, 0.0159177 
34.42, 0.0159104 
34.43, 0.0159042 
34.44, 0.0158984 
34.45, 0.0158929 
34.46, 0.0158873 
34.47, 0.0158816 
34.48, 0.0158759 
34.49, 0.0158707 
34.5, 0.0158662 
34.51, 0.0158632 
34.52, 0.0158621 
34.53, 0.0158634 
34.54, 0.0158677 
34.55, 0.0158750 
34.56, 0.0158854 
34.57, 0.0158987 
34.58, 0.0159145 
34.59, 0.0159322 
34.6, 0.0159512 
34.61, 0.0159708 
34.62, 0.0159904 
34.63, 0.0160093 
34.64, 0.0160271 
34.65, 0.0160435 
34.66, 0.0160583 
34.67, 0.0160712 
34.68, 0.0160824 
34.69, 0.0160919 
34.7, 0.0160997 
34.71, 0.0161062 
34.72, 0.0161115 
34.73, 0.0161160 
34.74, 0.0161201 
34.75, 0.0161242 
34.76, 0.0161288 
34.77, 0.0161345 
34.78, 0.0161419 
34.79, 0.0161515 
34.8, 0.0161637 
34.81, 0.0161789 
34.82, 0.0161972 
34.83, 0.0162185 
34.84, 0.0162427 
34.85, 0.0162690 
34.86, 0.0162969 
34.87, 0.0163254 
34.88, 0.0163534 
34.89, 0.0163800 
34.9, 0.0164040 
34.91, 0.0164245 
34.92, 0.0164407 
34.93, 0.0164521 
34.94, 0.0164585 
34.95, 0.0164597 
34.96, 0.0164564 
34.97, 0.0164490 
34.98, 0.0164385 
34.99, 0.0164261 
35, 0.0164128 
